0fd6d3e,Dan Miller,monsterdaniel97@gmail.com,fixed up a few visual elements,
ecc0023,Dan Miller,monsterdaniel97@gmail.com,deleted hero_dialog_template file,
33019a6,Dan Miller,monsterdaniel97@gmail.com,fleshed out the scrolling on the announcement messages,
e374ae3,Dan Miller,monsterdaniel97@gmail.com,changed to appbar visuals to have it all show the same theme colour and fixing the announcement text bottom overflow issue and allowing scrolling,
513e02b,rizfebriansyah,rizqi980202@gmail.com,changed overall colour to indigo,
8fcd6f9,rizfebriansyah,rizqi980202@gmail.com,add new files to the todo folder with firebase,
ef711c6,rizfebriansyah,rizqi980202@gmail.com,deleted the previous todo folder,
7c994d3,rizfebriansyah,rizqi980202@gmail.com,added todo.dart file under services folder,
6f41ef1,rizfebriansyah,rizqi980202@gmail.com,added services folder,
16b6537,Maeve Ng,maeve@Maeves-MacBook-Pro.local,finalisation,
770ed54,Maeve Ng,maeve@Maeves-MacBook-Pro.local,finalise,
ee2d090,Maeve Ng,maeve@Maeves-MacBook-Pro.local,clean up,
472e7fa,Maeve Ng,maeve@Maeves-MacBook-Pro.local,tidy up linking between leaves and requests,
9fe934c,Dan Miller,monsterdaniel97@gmail.com,removed the payslip tab due to redundancy,
2bc8711,Dan Miller,monsterdaniel97@gmail.com,added firebase auth to leave_editing_page.dart,
effc6a1,Dan Miller,monsterdaniel97@gmail.com,fixed overflow text in the announcement cards,
ff94bcf,rizfebriansyah,rizqi980202@gmail.com,Update leave_editing_page.dart,
57cf8bb,ohecc,88427559+ohecc@users.noreply.github.com,Merge pull request #9 from dduck123/leo,
1dcd682,ohecc,lyjsoon001@mymail.sim.edu.sg,Update faq_page.dart,
91adba9,rizfebriansyah,rizqi980202@gmail.com,Merge branch 'main' of https://github.com/dduck123/Delta-53 into main,
dd6f91c,Dan Miller,monsterdaniel97@gmail.com,fixed overflow issues on the leaves and attendance tab as well as the personal data tab,
3e08ef7,Dan Miller,monsterdaniel97@gmail.com,Merge branch 'main' of https://github.com/dduck123/Delta-53,
0340fac,rizfebriansyah,rizqi980202@gmail.com,added a todo page ,
1a11c67,Maeve Ng,maeve@Maeves-MacBook-Pro.local,connect request page to leaves page as well as firebase,
5f50c75,Maeve Ng,maeve@Maeves-MacBook-Pro.local,connect leaves page to database and make changes to calendar in leaves page,
d511d7f,Dan Miller,monsterdaniel97@gmail.com,Merge branch 'main' of https://github.com/dduck123/Delta-53,
7b31a76,Rhonda,srlim003@mymail.sim.edu.sg,Employee page,
5e8683f,Dan Miller,monsterdaniel97@gmail.com,ada,
48779fc,ohecc,88427559+ohecc@users.noreply.github.com,merge pull req,
24e41d6,ohecc,lyjsoon001@mymail.sim.edu.sg,Update ic_launcher.png,
d1fb737,ohecc,lyjsoon001@mymail.sim.edu.sg,Update ic_launcher.png,
f996dad,ohecc,lyjsoon001@mymail.sim.edu.sg,Update ic_launcher.png,
64d3780,ohecc,lyjsoon001@mymail.sim.edu.sg,Update ic_launcher.png,
2f1218f,ohecc,lyjsoon001@mymail.sim.edu.sg,Update ic_launcher.png,
224268a,ohecc,88427559+ohecc@users.noreply.github.com,Merge pull request #7 from dduck123/Leo1,
a27486d,ohecc,lyjsoon001@mymail.sim.edu.sg,"Revert ""Update stats_page.dart""",
a2aebb9,ohecc,lyjsoon001@mymail.sim.edu.sg,Update stats_page.dart,
aaea802,Dan Miller,monsterdaniel97@gmail.com,added and linked database to payslip,leaves and attendance
6acbf13,Dan Miller,monsterdaniel97@gmail.com,completed the payslip,leaves and attendance linked with database
8f60e87,ohecc,88427559+ohecc@users.noreply.github.com,Merge pull request #6 from dduck123/Req,
86fb186,ohecc,lyjsoon001@mymail.sim.edu.sg,Update drawer_navigation.dart,
7256000,ohecc,lyjsoon001@mymail.sim.edu.sg,Create requests_page.dart,
df21913,Maeve Ng,maeve@Maeves-MacBook-Pro.local,clean up code,
4fd8769,Dan Miller,monsterdaniel97@gmail.com,added use of database in payslip,
dfedc8f,Dan Miller,monsterdaniel97@gmail.com,retrieval of database for the payslip added,
32c0b1d,Dan Miller,monsterdaniel97@gmail.com,removed databasemanagement.dart,
612bc4a,Dan Miller,monsterdaniel97@gmail.com,Merge branch 'main' of https://github.com/dduck123/Delta-53,
17e7abe,rizfebriansyah,rizqi980202@gmail.com,updated directory,
7020cc2,rizfebriansyah,rizqi980202@gmail.com,leave calendar,
4298c3f,Maeve Ng,maeve@Maeves-MacBook-Pro.local,design personal data,
45e7c30,Maeve Ng,maeve@Maeves-MacBook-Pro.local,work on work stats personal data,
dab1aaf,Maeve Ng,maeve@Maeves-MacBook-Pro.local,personal data,
29d6099,Maeve Ng,maeve@Maeves-MacBook-Pro.local,personal data,
f2f9ab3,Dan Miller,monsterdaniel97@gmail.com,slight more changes to the layout of stats.dart,
f6df70f,Dan Miller,monsterdaniel97@gmail.com,more layout changes to the Attendance and Leave widgets,
b9ef170,Dan Miller,monsterdaniel97@gmail.com,more changes to payslip and leaves tracking,
709d6f5,Dan Miller,monsterdaniel97@gmail.com,small changes to payslip widget,
442841d,Dan Miller,monsterdaniel97@gmail.com,added firebase dependencies,
b0db7a9,Dan Miller,monsterdaniel97@gmail.com,Merge branch 'main' of https://github.com/dduck123/Delta-53,
3d3ede6,Dan Miller,monsterdaniel97@gmail.com,in the progress of creating the layout for the payslip and leave on the stats.dart,
d94261a,mvaeve,Maeveng25@gmail.com,calendar up,
3a123c6,Rhonda,srlim003@mymail.sim.edu.sg,Calender,
e75f285,Rhonda,srlim003@mymail.sim.edu.sg,Calendar issues,
d28a92d,mvaeve,Maeveng25@gmail.com,change calendar code,
1fd034a,mvaeve,Maeveng25@gmail.com,calendar,
3485722,Dan Miller,monsterdaniel97@gmail.com,added appdrawer to the main page,
661977e,mvaeve,Maeveng25@gmail.com,debugged calendar,
5aa86c4,mvaeve,Maeveng25@gmail.com,work on calendar in main,
1224b4a,Rhonda,srlim003@mymail.sim.edu.sg,Calendar,
fb0cffc,Dan Miller,monsterdaniel97@gmail.com,small changes to drawer_nav.dart,
02d48ae,Dan Miller,monsterdaniel97@gmail.com,changes to drawer_nav.dart,
fe690d9,mvaeve,Maeveng25@gmail.com,small edits,
c81e051,mvaeve,Maeveng25@gmail.com,work on the database,
1e5aee4,mvaeve,Maeveng25@gmail.com,annoucement upz,
67ad030,Rhonda,srlim003@mymail.sim.edu.sg,Adding database code,
d3fea02,mvaeve,Maeveng25@gmail.com,clean up announcment page,
170a6a0,Dan Miller,monsterdaniel97@gmail.com,added drawer to caclendar page,
4d2680c,Dan Miller,monsterdaniel97@gmail.com,Merge branch 'main' of https://github.com/dduck123/Delta-53,
2255318,Dan Miller,monsterdaniel97@gmail.com,updated login if else statements,
05ef9f2,rizfebriansyah,rizqi980202@gmail.com,calendar widget,
ab00bb1,Dan Miller,monsterdaniel97@gmail.com,added logout_page.dart and logout dialogue,
6553e8d,mvaeve,Maeveng25@gmail.com,edited announcment and add pop up menu,
c5598e5,mvaeve,Maeveng25@gmail.com,create announcement page,
cdc9163,mvaeve,Maeveng25@gmail.com,login page,
3b8859d,Dan Miller,monsterdaniel97@gmail.com,updated package names to correspond with file names,
ecdee3b,Dan Miller,monsterdaniel97@gmail.com,removed flutter.db,
db89241,Dan Miller,monsterdaniel97@gmail.com,added a db file,
94b9515,mvaeve,Maeveng25@gmail.com,add employee db,
7cfa587,ohecc,88427559+ohecc@users.noreply.github.com,Merge pull request #5 from dduck123/LeonardTest,
9f7ccb3,ohecc,lyjsoon001@mymail.sim.edu.sg,Update mainpage.dart,
442b4f1,Dan Miller,monsterdaniel97@gmail.com,enter in some new entries into the faq section,
4ebbe65,doubleOZ,monsterdaniel97@gmail.com,Merge branch 'main' of https://github.com/dduck123/Delta-53,
64bae64,doubleOZ,monsterdaniel97@gmail.com,bruh,
2.11E+79,mvaeve,Maeveng25@gmail.com,added working FAQ page,
5ddcd48,mvaeve,Maeveng25@gmail.com,drawer class,
d6d6a97,mvaeve,Maeveng25@gmail.com,added date timeline package,
649153c,doubleOZ,monsterdaniel97@gmail.com,small visual changes,
08e628e,doubleOZ,monsterdaniel97@gmail.com,added faq tab into app drawer,
2661877,mvaeve,Maeveng25@gmail.com,new drawer class and work attendance,
abd970d,mvaeve,Maeveng25@gmail.com,update linking and removed todo,
ebb7f45,mvaeve,Maeveng25@gmail.com,added icon and linked logout in mainpage.dart,
3f4f2b4,doubleOZ,monsterdaniel97@gmail.com,fixed text box color,
3f0a324,doubleOZ,monsterdaniel97@gmail.com,updated contents inside login_page.dart and constants.dart,
9c3f39e,doubleOZ,monsterdaniel97@gmail.com,merge login_page.dart,
676947b,mvaeve,Maeveng25@gmail.com,main page with drawer,
0b5296e,mvaeve,Maeveng25@gmail.com,main.dart simplified,
14ab634,Maeve Ng,mjrng002@mymail.sim.edu.sg,cleaned up main.dart,
52d124c,doubleOZ,monsterdaniel97@gmail.com,removed test1.txt,
b9cd57a,doubleOZ,monsterdaniel97@gmail.com,remove deltaapp file,
80dea68,Rhonda,srlim003@mymail.sim.edu.sg,Added full file,
58bd94e,doubleOZ,monsterdaniel97@gmail.com,gone,
41fd493,Rhonda,srlim003@mymail.sim.edu.sg,Login page added,
869ad9e,ohecc,88427559+ohecc@users.noreply.github.com,Merge pull request #4 from dduck123/Leonard,
348b32b,ohecc,lyjsoon001@mymail.sim.edu.sg,Create test1.txt,
29ffb52,ohecc,lyjsoon001@mymail.sim.edu.sg,Create test1.txt,
47f028e,doubleOZ,monsterdaniel97@gmail.com,created app,
75f8641,doubleOZ,monsterdaniel97@gmail.com,remove homepage.dart,
780ceea,doubleOZ,monsterdaniel97@gmail.com,deleted test1.txt and test2.txt,
3d95895,doubleOZ,monsterdaniel97@gmail.com,deleted delta.txt,
852d2e4,doubleOZ,monsterdaniel97@gmail.com,added homepage.dart,
4423694,ohecc,88427559+ohecc@users.noreply.github.com,Merge pull request #3 from dduck123/Leonard,
a588029,ohecc,lyjsoon001@mymail.sim.edu.sg,Create test2.txt,
3097129,rizfebriansyah,88428142+rizfebriansyah@users.noreply.github.com,Merge pull request #2 from dduck123/test,
5b03efd,ohecc,lyjsoon001@mymail.sim.edu.sg,Create test1.txt,
4f7d238,ohecc,lyjsoon001@mymail.sim.edu.sg,Merge branch 'main' of https://github.com/dduck123/Delta-53 into main,
0f3384c,ohecc,lyjsoon001@mymail.sim.edu.sg,"Revert ""Create test.txt""",
651ae68,doubleOZ,monsterdaniel97@gmail.com,Deleted hi.txt and wassup.txt,
7e964d5,doubleOZ,monsterdaniel97@gmail.com,Deleted deltamaeve.txt from repository,
4a4a825,doubleOZ,monsterdaniel97@gmail.com,Deleted dan.txt from repository,
655e18a,ohecc,lyjsoon001@mymail.sim.edu.sg,Create test.txt,
d8cf13e,ohecc,lyjsoon001@mymail.sim.edu.sg,Merge branch 'main' of https://github.com/dduck123/Delta-53 into main,
0242b19,ohecc,lyjsoon001@mymail.sim.edu.sg,"Revert ""Create githubdesktest.txt""",
029ae4d,ohecc,88427559+ohecc@users.noreply.github.com,Merge pull request #1 from dduck123/test,
6f6cb35,ohecc,lyjsoon001@mymail.sim.edu.sg,Create githubdesktest.txt,
7a5117a,ohecc,lyjsoon001@mymail.sim.edu.sg,"Revert ""Create test.txt""",
7f755fd,ohecc,lyjsoon001@mymail.sim.edu.sg,Create test.txt,
ebd9164,rizfebriansyah,rizqi980202@gmail.com,Added riz file,
826a39a,doubleOZ,monsterdaniel97@gmail.com,dan file,
ad4d726,ohecc,lyjsoon001@mymail.sim.edu.sg,Merge branch 'main' of https://github.com/dduck123/Delta-53,
db0ee99,ohecc,lyjsoon001@mymail.sim.edu.sg,Create wassup.txt,
067b0f3,Maeve Ng,mjrng002@mymail.sim.edu.sg,added maeve file,
f3f78ad,Rhonda,srlim003@mymail.sim.edu.sg,Added file,
f9f37de,dduck123,77720833+dduck123@users.noreply.github.com,Initial commit,