{
  "project_info": {
    "project_number": "875517156741",
    "project_id": "delta-53",
    "storage_bucket": "delta-53.appspot.com"
  },
  "client": [
    {
      "client_info": {
        "mobilesdk_app_id": "1:875517156741:android:172799b4a6f612e4b2b8ec",
        "android_client_info": {
          "package_name": "com.example.firebase_authentication_tutorial"
        }
      },
      "oauth_client": [
        {
          "client_id": "875517156741-ddambc790kp677qoqdo60jemfce1t3br.apps.googleusercontent.com",
          "client_type": 3
        }
      ],
      "api_key": [
        {
          "current_key": "AIzaSyAwdLx9uwGaZ_ra1CG8yth5Axb5V3Twp10"
        }
      ],
      "services": {
        "appinvite_service": {
          "other_platform_oauth_client": [
            {
              "client_id": "875517156741-ddambc790kp677qoqdo60jemfce1t3br.apps.googleusercontent.com",
              "client_type": 3
            },
            {
              "client_id": "875517156741-1j57e12kkrrh2cc1o999m7m1c5rce1ki.apps.googleusercontent.com",
              "client_type": 2,
              "ios_info": {
                "bundle_id": "com.example.myApp"
              }
            }
          ]
        }
      }
    },
    {
      "client_info": {
        "mobilesdk_app_id": "1:875517156741:android:b7ef6b652317ecedb2b8ec",
        "android_client_info": {
          "package_name": "com.example.my_app"
        }
      },
      "oauth_client": [
        {
          "client_id": "875517156741-ddambc790kp677qoqdo60jemfce1t3br.apps.googleusercontent.com",
          "client_type": 3
        }
      ],
      "api_key": [
        {
          "current_key": "AIzaSyAwdLx9uwGaZ_ra1CG8yth5Axb5V3Twp10"
        }
      ],
      "services": {
        "appinvite_service": {
          "other_platform_oauth_client": [
            {
              "client_id": "875517156741-ddambc790kp677qoqdo60jemfce1t3br.apps.googleusercontent.com",
              "client_type": 3
            },
            {
              "client_id": "875517156741-1j57e12kkrrh2cc1o999m7m1c5rce1ki.apps.googleusercontent.com",
              "client_type": 2,
              "ios_info": {
                "bundle_id": "com.example.myApp"
              }
            }
          ]
        }
      }
    }
  ],
  "configuration_version": "1"
}